File,Label,Pitch,Energy,MFCC_1,MFCC_2,MFCC_3,MFCC_4,MFCC_5,MFCC_6,MFCC_7,MFCC_8,MFCC_9,MFCC_10,MFCC_11,MFCC_12,MFCC_13
/content/drive/MyDrive/Capstone/dataset/Deceptive/box_lie_001.mp4,lie,954.6102,0.0061504883,-549.2247924804688,33.45374298095703,9.8040771484375,4.931179046630859,5.899347305297852,2.855945348739624,-0.07482361048460007,-0.5761573910713196,-0.8553392887115479,-1.0116218328475952,0.6261045932769775,1.4828356504440308,0.29974594712257385
/content/drive/MyDrive/Capstone/dataset/Deceptive/box_lie_002.mp4,lie,1002.40674,0.016388549,-522.82373046875,47.54787826538086,3.5705273151397705,3.8430185317993164,5.204712867736816,2.437039852142334,-1.7750648260116577,-3.80116868019104,-3.4783527851104736,-3.300616502761841,-3.1516501903533936,-3.2071001529693604,-1.9798791408538818
/content/drive/MyDrive/Capstone/dataset/Deceptive/box_lie_003.mp4,lie,799.7043,0.0024549619,-628.54443359375,18.561471939086914,6.75005578994751,5.408259868621826,4.942708969116211,3.4781346321105957,0.9858180284500122,-0.13731986284255981,0.3992469012737274,0.535595178604126,0.5157684087753296,0.36833834648132324,0.5547570586204529
/content/drive/MyDrive/Capstone/dataset/Deceptive/box_lie_004.mp4,lie,1096.8767,0.032800384,-466.3119201660156,81.16708374023438,3.9387736320495605,11.986174583435059,11.637300491333008,2.8828506469726562,-5.670468807220459,-4.72391939163208,-3.7537524700164795,-7.998173713684082,-5.755662441253662,-1.1066157817840576,-1.9332280158996582
/content/drive/MyDrive/Capstone/dataset/Deceptive/box_lie_005.mp4,lie,854.218,0.0060024196,-548.8153686523438,31.650314331054688,9.055499076843262,3.952554941177368,4.141289234161377,3.455219268798828,1.8523136377334595,-0.6553659439086914,-1.4364656209945679,0.4401223957538605,0.981160044670105,-0.2101384848356247,0.3044296205043793
/content/drive/MyDrive/Capstone/dataset/Deceptive/box_lie_006.mp4,lie,764.48016,0.00220889,-648.7941284179688,32.422203063964844,11.102953910827637,7.440201759338379,6.742748260498047,3.175149440765381,1.0786049365997314,1.3034507036209106,0.3658173978328705,0.21749863028526306,1.571997046470642,1.6673991680145264,0.6807829737663269
/content/drive/MyDrive/Capstone/dataset/Deceptive/box_lie_007.mp4,lie,1221.9808,0.023790939,-502.8068542480469,41.710636138916016,5.390157699584961,3.682330369949341,5.861776828765869,1.049993872642517,-3.8852217197418213,-3.7048468589782715,-1.3584691286087036,-2.073892116546631,-2.407357692718506,-1.6642694473266602,-1.5269478559494019
/content/drive/MyDrive/Capstone/dataset/Deceptive/box_lie_008.mp4,lie,908.94104,0.027239515,-486.26531982421875,81.87265014648438,8.758502960205078,14.520901679992676,11.21124267578125,0.8675055503845215,-5.62432336807251,-2.5028674602508545,-2.677872896194458,-8.079487800598145,-4.424681663513184,-1.6488288640975952,-2.261262893676758
/content/drive/MyDrive/Capstone/dataset/Deceptive/box_lie_009.mp4,lie,845.11725,0.007758893,-542.9400024414062,39.15470886230469,9.061456680297852,5.851614952087402,5.4914960861206055,3.3008742332458496,2.1885616779327393,-0.6095084547996521,-2.7865312099456787,-0.12992921471595764,1.6565303802490234,-0.5677525997161865,-0.7664634585380554
/content/drive/MyDrive/Capstone/dataset/Deceptive/box_lie_010.mp4,lie,816.5331,0.00068437675,-743.213134765625,21.65785789489746,9.131007194519043,7.688855171203613,5.345040321350098,3.917991876602173,2.2593371868133545,2.0937769412994385,0.6901294589042664,1.2957173585891724,1.2804335355758667,1.203961730003357,0.2110070288181305
/content/drive/MyDrive/Capstone/dataset/Deceptive/box_lie_011.mp4,lie,1561.6675,0.014486664,-463.6529541015625,37.38787841796875,-0.36003729701042175,5.565952777862549,1.7589272260665894,2.803802967071533,-3.648561954498291,-0.17561480402946472,-3.5581400394439697,-2.0388922691345215,-1.686185598373413,-2.1248037815093994,-1.7903287410736084
/content/drive/MyDrive/Capstone/dataset/Deceptive/box_lie_012.mp4,lie,1106.0452,0.019140223,-502.66632080078125,38.72580337524414,3.940089702606201,7.025107383728027,4.458092212677002,-0.3006032407283783,-2.94058895111084,-2.739999771118164,-0.9074832797050476,-1.5774978399276733,-1.7986737489700317,-2.067701578140259,-1.7219901084899902
/content/drive/MyDrive/Capstone/dataset/Deceptive/box_lie_013.mp4,lie,935.3356,0.017842904,-504.9464111328125,52.445011138916016,6.624014854431152,10.883296966552734,7.874813079833984,0.747035562992096,-4.084046363830566,-2.4192609786987305,-1.85663902759552,-4.768129825592041,-2.8015761375427246,-0.9006254076957703,-0.9401757717132568
/content/drive/MyDrive/Capstone/dataset/Deceptive/box_lie_014.mp4,lie,1113.6759,0.025874639,-479.2951965332031,52.79369354248047,4.493806838989258,9.170811653137207,7.6483845710754395,2.039693593978882,-2.523627758026123,-3.7396464347839355,-3.891693115234375,-3.195943593978882,-2.1827409267425537,-2.7410924434661865,-2.221588373184204
/content/drive/MyDrive/Capstone/dataset/Deceptive/box_lie_015.mp4,lie,1217.0564,0.009495884,-554.7822265625,34.481903076171875,0.8488534092903137,4.631491184234619,5.5770745277404785,1.3327692747116089,-1.8729681968688965,-1.9087390899658203,-1.6499454975128174,-1.9022257328033447,-1.291574478149414,-0.7219196557998657,-0.8821240663528442
/content/drive/MyDrive/Capstone/dataset/Deceptive/box_lie_016.mp4,lie,1666.0557,0.010907953,-524.3282470703125,63.878326416015625,-0.40478476881980896,20.220577239990234,4.655271530151367,0.06868799775838852,-0.8415465354919434,0.6795465350151062,-0.23361250758171082,-2.6463088989257812,-1.8633846044540405,-2.5979297161102295,-1.8836296796798706
/content/drive/MyDrive/Capstone/dataset/Deceptive/box_lie_017.mp4,lie,1328.0947,0.015402157,-496.9187316894531,32.65065383911133,1.954556941986084,7.976288795471191,2.489670991897583,0.5139626264572144,-1.1176621913909912,-1.373826026916504,-1.090813398361206,-1.7447513341903687,-1.4193845987319946,-1.3090183734893799,-1.4768623113632202
/content/drive/MyDrive/Capstone/dataset/Deceptive/trial_lie_001.mp4,lie,1063.6665,0.010897976,-478.8993835449219,111.4188461303711,6.682706356048584,31.039894104003906,14.239882469177246,13.386503219604492,6.3698601722717285,-4.0121965408325195,-0.4294013977050781,-2.7728047370910645,1.6866190433502197,0.9535728096961975,2.001769542694092
/content/drive/MyDrive/Capstone/dataset/Deceptive/trial_lie_002.mp4,lie,1547.2533,0.10164542,-267.60693359375,118.1254653930664,7.201922416687012,37.81575012207031,9.691902160644531,1.3590673208236694,-8.775101661682129,-10.34408187866211,1.252228856086731,-10.985578536987305,0.4829835295677185,-3.451237201690674,-6.41156530380249
/content/drive/MyDrive/Capstone/dataset/Deceptive/trial_lie_003.mp4,lie,974.82556,0.032244805,-393.5540466308594,123.65283966064453,14.365885734558105,26.233816146850586,5.083042621612549,5.565986156463623,6.928383827209473,-0.18222907185554504,4.237412452697754,-3.0248615741729736,2.80303692817688,1.9813944101333618,-0.7208059430122375
/content/drive/MyDrive/Capstone/dataset/Deceptive/trial_lie_004.mp4,lie,1494.1948,0.08131397,-273.9679260253906,115.67901611328125,3.7220771312713623,26.51685905456543,6.754275798797607,-1.6300244331359863,-13.051243782043457,-10.674882888793945,2.783917188644409,-7.430966854095459,2.683990240097046,-4.352564811706543,-7.549554347991943
/content/drive/MyDrive/Capstone/dataset/Deceptive/trial_lie_005.mp4,lie,1420.525,0.06335049,-328.27191162109375,136.29534912109375,-9.122241973876953,46.19108200073242,2.3397371768951416,2.3294694423675537,-5.895954132080078,-8.75381851196289,7.110057353973389,-13.743690490722656,2.6572983264923096,-3.7866172790527344,-6.346072673797607
/content/drive/MyDrive/Capstone/dataset/Deceptive/trial_lie_006.mp4,lie,1304.696,0.072721764,-321.656005859375,131.423828125,-9.7636079788208,31.541732788085938,2.485187292098999,2.4381229877471924,-3.751708984375,-10.845928192138672,-2.3973517417907715,-15.577433586120605,-0.7535949349403381,-4.427323818206787,-5.5754523277282715
/content/drive/MyDrive/Capstone/dataset/Deceptive/trial_lie_007.mp4,lie,1457.6537,0.018349372,-423.376953125,179.63706970214844,-34.69093704223633,21.546489715576172,47.149234771728516,-13.190170288085938,5.60383415222168,13.555554389953613,-14.330053329467773,5.312467098236084,9.192460060119629,-9.83406925201416,4.7529616355896
/content/drive/MyDrive/Capstone/dataset/Deceptive/trial_lie_008.mp4,lie,1228.5245,0.011942166,-466.2377624511719,199.76161193847656,-37.547698974609375,22.59482765197754,50.575103759765625,-12.947310447692871,8.550712585449219,15.556848526000977,-14.378846168518066,7.835608959197998,10.00965404510498,-10.78536319732666,6.613290786743164
/content/drive/MyDrive/Capstone/dataset/Deceptive/trial_lie_009.mp4,lie,1208.8198,0.01284496,-461.2135314941406,188.37997436523438,-32.089637756347656,19.024930953979492,42.54240417480469,-13.900312423706055,9.551560401916504,16.10634994506836,-13.873390197753906,7.140833377838135,11.483460426330566,-8.132437705993652,6.570313930511475
/content/drive/MyDrive/Capstone/dataset/Deceptive/trial_lie_010.mp4,lie,1200.5458,0.013742161,-457.2936706542969,186.42300415039062,-32.62302017211914,20.34984588623047,43.76780319213867,-13.611828804016113,9.531889915466309,15.533114433288574,-14.40854549407959,7.752325534820557,11.247187614440918,-10.275361061096191,5.676671028137207
/content/drive/MyDrive/Capstone/dataset/Deceptive/trial_lie_011.mp4,lie,1358.5211,0.011702404,-460.8800354003906,162.00267028808594,-30.019899368286133,21.857202529907227,41.05159378051758,-14.754026412963867,6.827010631561279,15.779452323913574,-10.694305419921875,8.271409034729004,10.99415111541748,-10.040535926818848,3.634403944015503
/content/drive/MyDrive/Capstone/dataset/Deceptive/trial_lie_012.mp4,lie,1095.972,0.0135041205,-468.3962707519531,175.9916534423828,-26.236270904541016,22.629791259765625,45.661231994628906,-9.19047737121582,9.36919116973877,16.766828536987305,-9.295132637023926,9.531754493713379,11.612983703613281,-9.20219898223877,4.10024881362915
/content/drive/MyDrive/Capstone/dataset/Deceptive/trial_lie_013.mp4,lie,1425.3994,0.019520905,-420.30963134765625,190.0619354248047,-37.9732780456543,19.84804916381836,44.11541748046875,-18.05535316467285,6.298498630523682,14.769938468933105,-15.9659423828125,6.1001996994018555,10.46144962310791,-10.176291465759277,5.700438499450684
/content/drive/MyDrive/Capstone/dataset/Deceptive/trial_lie_014.mp4,lie,1238.2528,0.023922171,-371.39654541015625,131.62474060058594,-16.8232421875,28.586837768554688,-15.080687522888184,12.443359375,-29.054811477661133,-2.038956642150879,-14.254683494567871,-13.882387161254883,-8.7395658493042,-11.483017921447754,-4.761684894561768
/content/drive/MyDrive/Capstone/dataset/Deceptive/trial_lie_015.mp4,lie,1113.3057,0.014738257,-428.3761901855469,132.95346069335938,-3.323833703994751,26.186256408691406,-8.349937438964844,10.018768310546875,-22.515012741088867,-6.995575428009033,-10.87174129486084,-11.858734130859375,-2.850891351699829,-9.845476150512695,-5.888179302215576
/content/drive/MyDrive/Capstone/dataset/Deceptive/trial_lie_016.mp4,lie,1170.5813,0.017087705,-408.2557373046875,135.08277893066406,-5.427460193634033,19.87059783935547,-11.195908546447754,9.712646484375,-24.708614349365234,-9.098628997802734,-10.17696762084961,-11.517547607421875,-1.4884322881698608,-8.814044952392578,-7.542963027954102
/content/drive/MyDrive/Capstone/dataset/Deceptive/trial_lie_017.mp4,lie,1071.2532,0.017425481,-406.2212829589844,129.62179565429688,-3.8501152992248535,25.449962615966797,-11.227587699890137,10.818429946899414,-25.082719802856445,-7.6164655685424805,-10.754373550415039,-12.385052680969238,-4.948291778564453,-8.8649320602417,-6.4477081298828125
/content/drive/MyDrive/Capstone/dataset/Deceptive/trial_lie_018.mp4,lie,1230.3801,0.016451858,-407.2579040527344,131.4630584716797,-12.136212348937988,27.259090423583984,-11.910279273986816,12.106240272521973,-27.772802352905273,-6.792130470275879,-12.04666519165039,-12.774062156677246,-2.9064993858337402,-9.369893074035645,-6.769374847412109
/content/drive/MyDrive/Capstone/dataset/Deceptive/trial_lie_019.mp4,lie,1194.488,0.018445542,-395.17791748046875,132.96905517578125,-10.377093315124512,25.529705047607422,-14.391646385192871,10.935476303100586,-26.814788818359375,-6.7305121421813965,-10.96695613861084,-12.019051551818848,-4.466761112213135,-9.47591781616211,-6.486639499664307
/content/drive/MyDrive/Capstone/dataset/Deceptive/trial_lie_020.mp4,lie,1115.6785,0.015419357,-408.73968505859375,127.73818969726562,-11.09464168548584,27.223957061767578,-17.24732780456543,12.99742317199707,-27.04620933532715,-2.5349950790405273,-11.029692649841309,-8.241140365600586,-3.7358856201171875,-8.797795295715332,-3.7737419605255127
/content/drive/MyDrive/Capstone/dataset/Deceptive/trial_lie_021.mp4,lie,1073.9172,0.014599319,-418.5757751464844,132.0746307373047,-6.365276336669922,25.53587532043457,-11.94873046875,12.557076454162598,-22.0695858001709,-1.4218214750289917,-9.068464279174805,-11.079789161682129,-5.287752151489258,-8.922004699707031,-2.6727774143218994
/content/drive/MyDrive/Capstone/dataset/Deceptive/trial_lie_022.mp4,lie,1157.6957,0.021743186,-388.8307800292969,135.533935546875,-8.969649314880371,21.954814910888672,-8.875906944274902,10.253460884094238,-26.37744140625,-5.69789457321167,-11.754923820495605,-12.391033172607422,-5.116043567657471,-9.0715970993042,-5.075994491577148
/content/drive/MyDrive/Capstone/dataset/Deceptive/trial_lie_023.mp4,lie,1206.8999,0.018666696,-383.5586242675781,131.60943603515625,-11.753945350646973,29.655879974365234,-13.668744087219238,13.078100204467773,-28.850500106811523,-6.34597635269165,-11.805461883544922,-11.278303146362305,-6.054164409637451,-8.882938385009766,-4.120052337646484
/content/drive/MyDrive/Capstone/dataset/Deceptive/trial_lie_024.mp4,lie,1261.7482,0.029930444,-350.4908142089844,131.0269317626953,-13.6275053024292,25.807147979736328,-14.647191047668457,11.965985298156738,-30.048044204711914,-8.602490425109863,-13.427343368530273,-13.08409309387207,-5.532017707824707,-9.233976364135742,-7.855376720428467
/content/drive/MyDrive/Capstone/dataset/Deceptive/trial_lie_025.mp4,lie,1166.9803,0.025900446,-370.281005859375,130.05667114257812,-7.835788249969482,24.783361434936523,-15.019036293029785,13.368956565856934,-28.955904006958008,-7.088947296142578,-12.779609680175781,-14.290602684020996,-6.275676727294922,-9.009428024291992,-6.71156644821167
/content/drive/MyDrive/Capstone/dataset/Deceptive/trial_lie_026.mp4,lie,1336.1499,0.016445445,-387.8886413574219,125.14225769042969,-15.769232749938965,28.438257217407227,-17.450990676879883,12.705570220947266,-26.17849349975586,-4.3795623779296875,-11.033865928649902,-10.663922309875488,-5.4392409324646,-8.702178955078125,-3.697436571121216
/content/drive/MyDrive/Capstone/dataset/Deceptive/trial_lie_027.mp4,lie,1173.9602,0.017054832,-402.6722106933594,128.11181640625,-6.8834099769592285,22.552839279174805,-15.87384033203125,11.495491981506348,-24.21721649169922,-7.579744338989258,-11.992279052734375,-11.972111701965332,-4.058352947235107,-7.619752407073975,-5.64755392074585
/content/drive/MyDrive/Capstone/dataset/Deceptive/trial_lie_028.mp4,lie,1089.5349,0.012930864,-420.5808410644531,122.7753677368164,-1.1363712549209595,20.481603622436523,-6.619207382202148,8.749631881713867,-19.987112045288086,-9.164161682128906,-9.378703117370605,-11.16289234161377,-5.001862525939941,-8.049973487854004,-5.967766284942627
/content/drive/MyDrive/Capstone/dataset/Deceptive/trial_lie_029.mp4,lie,1336.9094,0.011907393,-417.6380615234375,130.35765075683594,-14.563843727111816,24.667028427124023,-12.146306991577148,10.941173553466797,-25.983808517456055,-5.771543025970459,-7.849474906921387,-10.535696983337402,-6.735533714294434,-11.335003852844238,-1.151050329208374
/content/drive/MyDrive/Capstone/dataset/Deceptive/trial_lie_030.mp4,lie,1053.8752,0.014894415,-423.6416931152344,133.7335662841797,-4.110513210296631,21.09836769104004,-9.411046981811523,9.948580741882324,-20.53791046142578,-8.373774528503418,-12.251663208007812,-12.074695587158203,-4.239918231964111,-9.743720054626465,-5.508039474487305
/content/drive/MyDrive/Capstone/dataset/Deceptive/trial_lie_031.mp4,lie,1109.4944,0.009202226,-444.6546325683594,129.1964874267578,-9.552556037902832,27.77156639099121,-11.302443504333496,8.887771606445312,-19.034896850585938,-3.1878409385681152,-9.546406745910645,-11.31826114654541,-3.31360125541687,-10.021560668945312,-4.009780406951904
/content/drive/MyDrive/Capstone/dataset/Deceptive/trial_lie_032.mp4,lie,798.6221,0.0015971772,-664.2620239257812,177.6524200439453,-0.008611473254859447,11.572286605834961,36.166648864746094,-2.6586825847625732,0.6950465440750122,17.327350616455078,-5.194941520690918,-8.462203979492188,4.458564758300781,-8.997807502746582,-9.46751880645752
/content/drive/MyDrive/Capstone/dataset/Deceptive/trial_lie_033.mp4,lie,494.93826,0.21788672,-262.2475280761719,162.34298706054688,28.443561553955078,40.65391159057617,26.339046478271484,20.702617645263672,14.490973472595215,7.088794708251953,10.27230167388916,3.2417256832122803,1.4531936645507812,1.178384780883789,-0.963887095451355
/content/drive/MyDrive/Capstone/dataset/Deceptive/trial_lie_034.mp4,lie,310.6626,0.20530106,-284.7051086425781,158.91683959960938,57.089080810546875,29.844379425048828,27.30245590209961,22.085315704345703,12.047014236450195,8.375421524047852,8.840829849243164,5.090117931365967,-1.784886360168457,-2.343400239944458,-0.4112379848957062
/content/drive/MyDrive/Capstone/dataset/Deceptive/trial_lie_035.mp4,lie,1629.3185,0.05236953,-359.8011474609375,133.4642791748047,-14.59921646118164,0.9821946024894714,28.503787994384766,-5.981595993041992,-7.223322868347168,4.9099650382995605,-11.393487930297852,-10.365446090698242,-0.5993114113807678,-10.23845100402832,-9.244202613830566
/content/drive/MyDrive/Capstone/dataset/Deceptive/trial_lie_036.mp4,lie,1064.0519,0.01599192,-437.41839599609375,187.68438720703125,-0.8781322240829468,9.723502159118652,32.57649230957031,-3.857604742050171,1.0464516878128052,5.164898872375488,-13.708168029785156,-1.315268874168396,7.363481521606445,-4.889754295349121,-0.2914070188999176
/content/drive/MyDrive/Capstone/dataset/Deceptive/trial_lie_037.mp4,lie,1351.5394,0.008874532,-491.01763916015625,128.56346130371094,-12.18140697479248,21.771221160888672,-0.6097604036331177,4.881912708282471,0.2877649962902069,-9.555766105651855,8.515416145324707,-9.787446975708008,-5.830313205718994,2.842993974685669,-5.016074180603027
/content/drive/MyDrive/Capstone/dataset/Deceptive/trial_lie_038.mp4,lie,1319.9523,0.0068384088,-519.4625244140625,139.74684143066406,-18.906240463256836,31.407535552978516,-8.792980194091797,-0.19164931774139404,5.694639682769775,-5.985804080963135,10.100342750549316,-11.296213150024414,-4.239566802978516,2.5742297172546387,-3.8446238040924072
/content/drive/MyDrive/Capstone/dataset/Deceptive/trial_lie_039.mp4,lie,1229.7538,0.0075174454,-503.10931396484375,143.3331298828125,-20.011268615722656,19.627941131591797,-4.268252849578857,-1.1514405012130737,1.240573525428772,-9.411848068237305,2.2799084186553955,-13.120035171508789,-3.714294195175171,1.7436614036560059,-6.333349227905273
/content/drive/MyDrive/Capstone/dataset/Deceptive/trial_lie_040.mp4,lie,1152.1505,0.007367595,-508.63763427734375,137.53822326660156,-20.430246353149414,33.914432525634766,-9.329469680786133,7.286990165710449,2.100205898284912,-14.669085502624512,11.246874809265137,-11.362214088439941,-2.0439229011535645,1.6010870933532715,-8.218643188476562
/content/drive/MyDrive/Capstone/dataset/Deceptive/trial_lie_041.mp4,lie,1377.5171,0.0297678,-357.64404296875,172.41339111328125,-35.74882125854492,48.61307907104492,-12.907144546508789,-2.859194040298462,6.640586853027344,-21.866201400756836,3.0391650199890137,-14.428441047668457,-3.8060860633850098,-2.484633684158325,-13.140345573425293
/content/drive/MyDrive/Capstone/dataset/Deceptive/trial_lie_042.mp4,lie,1326.0632,0.02740974,-362.51922607421875,167.53797912597656,-33.98723220825195,48.934181213378906,-6.545746326446533,12.427278518676758,4.274660587310791,-22.278162002563477,4.557469844818115,-16.67963409423828,2.8790435791015625,0.8932949900627136,-10.530632019042969
/content/drive/MyDrive/Capstone/dataset/Deceptive/trial_lie_043.mp4,lie,1305.5228,0.058633808,-277.963623046875,176.45083618164062,-34.17694854736328,41.25782012939453,-7.628057479858398,25.44863510131836,-8.778575897216797,-6.927638053894043,0.8598894476890564,-11.77498722076416,5.694737911224365,-6.828461170196533,0.370486855506897
/content/drive/MyDrive/Capstone/dataset/Deceptive/trial_lie_044.mp4,lie,1059.5645,0.11201856,-270.132568359375,195.4798126220703,-7.76195764541626,24.94183921813965,8.278825759887695,5.590566635131836,-0.7236739993095398,-17.927806854248047,5.949898719787598,-2.7577223777770996,-11.594850540161133,1.9570642709732056,-2.3182108402252197
/content/drive/MyDrive/Capstone/dataset/Deceptive/trial_lie_045.mp4,lie,1630.882,0.111428455,-222.39820861816406,135.19708251953125,-38.291587829589844,25.192663192749023,-10.27914047241211,-4.89606237411499,-7.139066696166992,-5.947315692901611,-1.0926344394683838,-12.251737594604492,-3.3765640258789062,-7.003162384033203,-5.076138496398926
/content/drive/MyDrive/Capstone/dataset/Deceptive/trial_lie_046.mp4,lie,1125.4353,0.061608855,-256.9518127441406,149.08177185058594,-23.89671516418457,36.86396789550781,-9.742198944091797,15.876087188720703,-5.79525089263916,5.995147705078125,-6.101524829864502,0.821254312992096,2.368417978286743,0.3941545784473419,-1.5945812463760376
/content/drive/MyDrive/Capstone/dataset/Deceptive/trial_lie_047.mp4,lie,1280.4935,0.064039774,-248.204345703125,145.45118713378906,-24.21376609802246,35.48133087158203,1.3464175462722778,13.269286155700684,-6.543961048126221,3.8050646781921387,-5.13145112991333,-2.7706048488616943,-0.8965669870376587,-1.2831615209579468,-0.8237108588218689
/content/drive/MyDrive/Capstone/dataset/Deceptive/trial_lie_048.mp4,lie,879.4986,0.048001457,-300.3240966796875,144.7388153076172,0.7385636568069458,42.74696731567383,3.2934601306915283,17.452762603759766,-3.1119909286499023,8.186970710754395,-5.003081798553467,-2.04642391204834,1.1880037784576416,0.872626006603241,-0.6601399779319763
/content/drive/MyDrive/Capstone/dataset/Deceptive/trial_lie_049.mp4,lie,978.4712,0.041565552,-297.9098205566406,141.47903442382812,-11.07426929473877,51.14448547363281,-1.5902645587921143,23.108036041259766,-6.348994731903076,8.636833190917969,-8.261210441589355,-0.46162572503089905,-1.9642386436462402,-1.1923807859420776,-1.1598085165023804
/content/drive/MyDrive/Capstone/dataset/Deceptive/trial_lie_050.mp4,lie,803.8389,0.016407792,-439.6875,149.670654296875,14.431763648986816,31.697582244873047,9.32009220123291,8.41445255279541,-7.7664899826049805,-16.530597686767578,-2.325406074523926,-14.288339614868164,-6.163100242614746,-6.833826541900635,-4.529710292816162
/content/drive/MyDrive/Capstone/dataset/Deceptive/trial_lie_051.mp4,lie,811.55493,0.017940432,-404.5924072265625,175.7353057861328,-8.195393562316895,47.23850631713867,7.273977756500244,15.5073881149292,-1.6744791269302368,2.4047927856445312,4.566347599029541,-2.008028984069824,2.067931890487671,0.5803569555282593,9.407049179077148
/content/drive/MyDrive/Capstone/dataset/Deceptive/trial_lie_052.mp4,lie,747.83606,0.041486524,-353.9513854980469,149.0458526611328,8.395155906677246,47.603240966796875,-0.7265780568122864,19.848934173583984,-2.6363227367401123,1.276376485824585,0.9644045829772949,-8.832162857055664,6.478837013244629,-2.638792037963867,6.287539482116699
/content/drive/MyDrive/Capstone/dataset/Deceptive/trial_lie_053.mp4,lie,1350.3418,0.07003291,-272.8553466796875,165.83132934570312,-25.873924255371094,30.824094772338867,0.17806944251060486,24.169898986816406,-7.596891403198242,-7.783389091491699,8.646585464477539,-3.602747917175293,-8.56378173828125,0.8666462302207947,3.026736259460449
/content/drive/MyDrive/Capstone/dataset/Deceptive/trial_lie_054.mp4,lie,906.9702,0.045870848,-282.9745788574219,152.24111938476562,-13.505993843078613,51.00932312011719,-14.37612247467041,24.691896438598633,-6.583621025085449,-6.517817974090576,5.328792572021484,-9.310325622558594,7.855218410491943,-3.723569869995117,6.207151889801025
/content/drive/MyDrive/Capstone/dataset/Deceptive/trial_lie_055.mp4,lie,1328.7443,0.023891976,-433.76123046875,124.30731964111328,-0.8375589847564697,45.340328216552734,17.250640869140625,14.330257415771484,8.233160018920898,0.5255408883094788,1.2580097913742065,-0.854193389415741,3.1634950637817383,-1.0671662092208862,-0.34748613834381104
/content/drive/MyDrive/Capstone/dataset/Deceptive/trial_lie_056.mp4,lie,1294.497,0.009629097,-500.7507019042969,136.26414489746094,-6.089130878448486,14.151082038879395,-2.498077630996704,-3.2425339221954346,-18.14133644104004,-12.987107276916504,-15.878317832946777,-17.274662017822266,-6.985393524169922,-9.691323280334473,-6.692590236663818
/content/drive/MyDrive/Capstone/dataset/Deceptive/trial_lie_057.mp4,lie,1117.873,0.015735826,-434.3056640625,151.68643188476562,-15.407330513000488,16.079559326171875,-9.63700008392334,2.8102900981903076,-22.16236114501953,-18.27425765991211,-20.299560546875,-15.404976844787598,-7.245166778564453,-12.5650634765625,-3.642238140106201
/content/drive/MyDrive/Capstone/dataset/Deceptive/trial_lie_058.mp4,lie,916.48004,0.075244635,-291.8427734375,153.83123779296875,14.034149169921875,45.668357849121094,3.755110263824463,-5.970048427581787,16.847381591796875,2.5955183506011963,-8.258832931518555,-4.896115303039551,1.8548543453216553,3.748490810394287,3.049604892730713
/content/drive/MyDrive/Capstone/dataset/Deceptive/trial_lie_059.mp4,lie,896.8266,0.051383402,-342.5130615234375,177.70614624023438,20.310413360595703,25.93730926513672,28.80568504333496,4.186420440673828,10.608940124511719,5.0567522048950195,-3.816415786743164,-0.6204419732093811,-4.525429725646973,-1.8461297750473022,3.909994125366211
/content/drive/MyDrive/Capstone/dataset/Deceptive/trial_lie_060.mp4,lie,1244.9829,0.02734999,-351.0377502441406,172.54637145996094,-17.083126068115234,18.27124786376953,5.872810363769531,7.882447242736816,-5.905006408691406,5.670345783233643,2.6623332500457764,-3.111402750015259,0.8655503392219543,1.7580523490905762,0.5202376246452332
/content/drive/MyDrive/Capstone/dataset/Deceptive/trial_lie_061.mp4,lie,1205.9202,0.078517415,-316.1796875,155.58433532714844,17.87769889831543,25.23747444152832,8.341557502746582,8.394641876220703,-4.71433687210083,-9.014674186706543,1.0233768224716187,-11.957736015319824,-8.321085929870605,-4.163825511932373,-4.0968217849731445
/content/drive/MyDrive/Capstone/dataset/Truthful/box_truth_001.mp4,truth,1147.4518,0.0117774075,-516.1552734375,36.54203414916992,4.707519054412842,6.761711120605469,4.704360485076904,0.20045524835586548,-2.6738104820251465,-1.5265151262283325,-1.1849933862686157,-3.824486255645752,-2.0981242656707764,-0.39479559659957886,-0.9522228240966797
/content/drive/MyDrive/Capstone/dataset/Truthful/box_truth_002.mp4,truth,871.0739,0.006302928,-551.636962890625,35.99666213989258,9.51831340789795,6.02187442779541,4.979261875152588,2.922962188720703,2.170602560043335,0.36490878462791443,-1.085667371749878,1.14914870262146,1.8837096691131592,-0.14191661775112152,0.18367932736873627
/content/drive/MyDrive/Capstone/dataset/Truthful/box_truth_003.mp4,truth,1023.4411,0.013577001,-547.9794921875,47.729454040527344,3.1599345207214355,4.046842098236084,6.419783592224121,1.9212960004806519,-2.1149497032165527,-3.7012743949890137,-3.1081273555755615,-3.01049542427063,-2.9293763637542725,-2.838947057723999,-2.1868081092834473
/content/drive/MyDrive/Capstone/dataset/Truthful/box_truth_004.mp4,truth,1012.9994,0.026088616,-467.7621765136719,81.60913848876953,11.723048210144043,14.479676246643066,10.287993431091309,-0.2783775329589844,-5.749500274658203,-2.0712084770202637,-2.2245333194732666,-7.653478622436523,-3.9220595359802246,-1.153631329536438,-2.237433433532715
/content/drive/MyDrive/Capstone/dataset/Truthful/box_truth_005.mp4,truth,849.19904,0.020432493,-482.5602722167969,62.220001220703125,14.100690841674805,8.514485359191895,7.656978130340576,0.13041773438453674,-5.097143650054932,-3.0831542015075684,-0.129250168800354,-1.083327054977417,-1.3447035551071167,-0.8559755682945251,-1.0588017702102661
/content/drive/MyDrive/Capstone/dataset/Truthful/box_truth_006.mp4,truth,1113.0292,0.012135573,-546.1441040039062,44.448036193847656,4.356074810028076,6.074540138244629,6.316844940185547,0.6228468418121338,-2.6057963371276855,-1.9346750974655151,-2.075087547302246,-2.9225575923919678,-1.1454870700836182,-1.1291062831878662,-1.647334337234497
/content/drive/MyDrive/Capstone/dataset/Truthful/box_truth_007.mp4,truth,1180.9716,0.014568488,-536.0840454101562,52.64891815185547,4.218423366546631,8.223794937133789,5.410163402557373,-1.600762128829956,-4.496898174285889,-3.4908597469329834,-2.6455910205841064,-2.917635440826416,-1.7384239435195923,-2.531822443008423,-3.0210518836975098
/content/drive/MyDrive/Capstone/dataset/Truthful/box_truth_008.mp4,truth,1041.2654,0.010262087,-550.0401000976562,37.61916732788086,2.954038619995117,6.249447345733643,4.0604963302612305,-1.0527867078781128,-2.5392041206359863,-1.6111924648284912,-1.378844141960144,-2.6015989780426025,-1.7225687503814697,-1.7892160415649414,-1.7156243324279785
/content/drive/MyDrive/Capstone/dataset/Truthful/trial_truth_001.mp4,truth,1016.7701,0.042071637,-350.2787780761719,147.40541076660156,5.871254920959473,24.103567123413086,-27.552438735961914,23.12566375732422,-20.12966537475586,-6.375711917877197,4.515263557434082,-7.81052303314209,7.987939357757568,-7.169205665588379,5.897890567779541
/content/drive/MyDrive/Capstone/dataset/Truthful/trial_truth_002.mp4,truth,1179.0896,0.023284286,-406.1643371582031,147.5931854248047,5.966673374176025,24.378904342651367,-5.793702125549316,14.242056846618652,-11.768084526062012,6.526804447174072,-1.7616868019104004,-5.080347537994385,-0.5351027846336365,-3.836895227432251,-13.094500541687012
/content/drive/MyDrive/Capstone/dataset/Truthful/trial_truth_003.mp4,truth,1182.1971,0.009285183,-481.8636474609375,176.17868041992188,-30.896677017211914,23.137880325317383,44.13255310058594,-14.021506309509277,9.97860050201416,18.689260482788086,-10.851790428161621,9.561521530151367,13.212326049804688,-8.668622970581055,6.099491596221924
/content/drive/MyDrive/Capstone/dataset/Truthful/trial_truth_004.mp4,truth,1375.5468,0.0162562,-432.8648376464844,184.66378784179688,-38.19457244873047,17.591548919677734,43.4814453125,-15.048298835754395,7.933835983276367,15.018878936767578,-15.406774520874023,6.065825462341309,11.109132766723633,-8.891803741455078,5.6911725997924805
/content/drive/MyDrive/Capstone/dataset/Truthful/trial_truth_005.mp4,truth,1487.536,0.025124522,-387.81488037109375,160.7075958251953,-25.61741065979004,16.927230834960938,37.806907653808594,-12.580397605895996,2.947404384613037,10.504376411437988,-12.005463600158691,4.098272323608398,6.966305732727051,-8.979361534118652,3.1411380767822266
/content/drive/MyDrive/Capstone/dataset/Truthful/trial_truth_006.mp4,truth,1230.6302,0.0146488175,-429.2239074707031,153.19834899902344,-16.074960708618164,22.384410858154297,39.20022964477539,-8.328028678894043,6.682539939880371,12.566060066223145,-10.240134239196777,6.069832801818848,9.625284194946289,-7.722897529602051,3.562973737716675
/content/drive/MyDrive/Capstone/dataset/Truthful/trial_truth_007.mp4,truth,1289.3536,0.019178651,-416.00799560546875,154.7889862060547,-14.217845916748047,19.179027557373047,36.269309997558594,-9.39382266998291,3.8942508697509766,11.809688568115234,-8.121042251586914,5.586642742156982,8.241469383239746,-7.420257091522217,2.323396682739258
/content/drive/MyDrive/Capstone/dataset/Truthful/trial_truth_008.mp4,truth,1288.5479,0.009660918,-471.7385559082031,169.4609832763672,-19.590431213378906,29.410003662109375,11.170912742614746,10.844287872314453,-11.477861404418945,-6.950279712677002,-5.337777137756348,-12.449312210083008,-7.944665908813477,-10.055883407592773,-0.21670982241630554
/content/drive/MyDrive/Capstone/dataset/Truthful/trial_truth_009.mp4,truth,1238.294,0.011082643,-455.3887023925781,179.28065490722656,-24.708316802978516,29.848094940185547,16.237625122070312,13.499823570251465,-14.947121620178223,-6.543490886688232,-7.685171127319336,-15.653128623962402,-5.713840484619141,-8.80289363861084,-1.012037992477417
/content/drive/MyDrive/Capstone/dataset/Truthful/trial_truth_010.mp4,truth,1169.1289,0.010521817,-455.92388916015625,152.8894500732422,-1.560577392578125,23.266178131103516,14.283490180969238,15.498617172241211,-11.943502426147461,-7.903764247894287,-11.795771598815918,-8.65071964263916,-4.818751811981201,-9.169065475463867,1.4906941652297974
/content/drive/MyDrive/Capstone/dataset/Truthful/trial_truth_011.mp4,truth,1179.6301,0.010582476,-452.1704406738281,168.07815551757812,-14.17706298828125,27.706661224365234,12.397848129272461,13.373147010803223,-11.259389877319336,-6.305056571960449,-8.998977661132812,-12.349411964416504,-6.495694160461426,-9.756081581115723,1.384918451309204
/content/drive/MyDrive/Capstone/dataset/Truthful/trial_truth_012.mp4,truth,1242.8792,0.008613855,-470.52288818359375,169.63417053222656,-18.382064819335938,26.128190994262695,6.10400390625,15.90276050567627,-14.80819320678711,-5.237624168395996,-7.8035454750061035,-11.362784385681152,-4.962170600891113,-9.815598487854004,2.5893349647521973
/content/drive/MyDrive/Capstone/dataset/Truthful/trial_truth_013.mp4,truth,1249.127,0.008244259,-487.8153076171875,164.56768798828125,-9.394403457641602,25.048250198364258,9.516996383666992,13.833695411682129,-12.538217544555664,-5.280285835266113,-8.044713020324707,-11.756844520568848,-7.341584205627441,-9.625807762145996,0.45415496826171875
/content/drive/MyDrive/Capstone/dataset/Truthful/trial_truth_014.mp4,truth,1061.0718,0.008714437,-505.9480285644531,174.57388305664062,-6.6836838722229,27.567893981933594,14.253928184509277,12.911282539367676,-8.304503440856934,-6.56492280960083,-7.8023505210876465,-14.230084419250488,-3.7568047046661377,-10.217103004455566,-4.545375347137451
/content/drive/MyDrive/Capstone/dataset/Truthful/trial_truth_015.mp4,truth,1155.6316,0.011786818,-477.6705017089844,168.5059814453125,-10.70358657836914,23.397512435913086,21.14543342590332,14.53622817993164,-10.214521408081055,-9.751023292541504,-8.862116813659668,-11.929858207702637,-4.583523750305176,-9.757755279541016,-6.405508041381836
/content/drive/MyDrive/Capstone/dataset/Truthful/trial_truth_016.mp4,truth,1297.1656,0.11359312,-253.11810302734375,120.98782348632812,-14.605518341064453,53.39014434814453,2.2052266597747803,11.040070533752441,11.32652759552002,-15.660990715026855,-4.434507846832275,-12.123566627502441,2.8846383094787598,-0.6049814224243164,-0.7333200573921204
/content/drive/MyDrive/Capstone/dataset/Truthful/trial_truth_017.mp4,truth,1192.3865,0.06423695,-311.6040344238281,124.79733276367188,3.137603998184204,41.16465377807617,8.495976448059082,11.419805526733398,11.95108413696289,-3.9280388355255127,1.5310347080230713,-7.3835368156433105,4.500871181488037,3.1505188941955566,-0.3858714699745178
/content/drive/MyDrive/Capstone/dataset/Truthful/trial_truth_018.mp4,truth,1046.1387,0.021968875,-421.46484375,141.20223999023438,27.413408279418945,31.587265014648438,4.315846920013428,3.4082090854644775,-5.1655049324035645,4.867465019226074,-7.6908040046691895,-6.404578685760498,3.253377676010132,-3.702298879623413,0.047511279582977295
/content/drive/MyDrive/Capstone/dataset/Truthful/trial_truth_019.mp4,truth,1164.1876,0.013701629,-453.4394226074219,139.72857666015625,16.730112075805664,43.05356216430664,-11.753046989440918,16.540292739868164,-7.466795921325684,12.592581748962402,-13.384048461914062,-0.9635053277015686,1.6169389486312866,-3.1490540504455566,2.4763994216918945
/content/drive/MyDrive/Capstone/dataset/Truthful/trial_truth_020.mp4,truth,1096.4263,0.022420008,-354.6171875,132.46356201171875,2.0717334747314453,45.71583557128906,-26.991132736206055,42.976139068603516,-27.910568237304688,25.33335304260254,-6.386946201324463,1.6744698286056519,13.765592575073242,-9.83372688293457,5.296451568603516
/content/drive/MyDrive/Capstone/dataset/Truthful/trial_truth_021.mp4,truth,1339.1871,0.04866074,-327.6071472167969,175.41172790527344,-26.225313186645508,18.709871292114258,6.554103851318359,-6.488641262054443,5.397797107696533,-4.813601970672607,2.6591968536376953,0.7323396801948547,-10.277229309082031,-1.9110972881317139,5.932413578033447
/content/drive/MyDrive/Capstone/dataset/Truthful/trial_truth_022.mp4,truth,1125.6982,0.041143365,-316.3263244628906,137.43429565429688,7.092825412750244,34.821346282958984,-0.4497952461242676,24.942489624023438,-6.348879814147949,17.946935653686523,-17.324064254760742,5.206365585327148,2.88321852684021,-9.36876106262207,0.6961725950241089
/content/drive/MyDrive/Capstone/dataset/Truthful/trial_truth_023.mp4,truth,1507.4342,0.008889289,-503.9007873535156,128.38800048828125,2.7772951126098633,46.65121078491211,8.098908424377441,20.231250762939453,-7.522696495056152,11.055660247802734,-7.480163097381592,-2.6966538429260254,9.518228530883789,-4.915687084197998,-4.130620956420898
/content/drive/MyDrive/Capstone/dataset/Truthful/trial_truth_024.mp4,truth,1084.2755,0.014115907,-429.1504211425781,130.85858154296875,9.716248512268066,48.807212829589844,-7.685749530792236,39.27841567993164,-12.315775871276855,19.719633102416992,-4.287611484527588,0.7013441920280457,-1.3619334697723389,0.5706212520599365,-0.9525740146636963
/content/drive/MyDrive/Capstone/dataset/Truthful/trial_truth_025.mp4,truth,1267.5636,0.011866694,-448.7209167480469,119.47004699707031,4.1224870681762695,29.90351104736328,2.400730609893799,22.266603469848633,-1.5083502531051636,5.997241497039795,0.9448673129081726,-1.6205739974975586,1.4776134490966797,0.20714783668518066,0.9154086112976074
/content/drive/MyDrive/Capstone/dataset/Truthful/trial_truth_026.mp4,truth,1311.637,0.005966796,-451.2566223144531,125.05868530273438,-13.561605453491211,51.944129943847656,-12.611452102661133,29.29979133605957,-20.007511138916016,8.64358139038086,-7.443049907684326,4.74254035949707,-8.668692588806152,-4.887086391448975,0.411632239818573
/content/drive/MyDrive/Capstone/dataset/Truthful/trial_truth_027.mp4,truth,1426.1782,0.025290024,-417.0716552734375,140.18138122558594,-7.408779144287109,26.11534881591797,0.21803367137908936,-1.3916809558868408,-8.031249046325684,-10.853097915649414,-4.860113143920898,-18.321399688720703,-4.0291337966918945,-9.64573860168457,-10.012618064880371
/content/drive/MyDrive/Capstone/dataset/Truthful/trial_truth_028.mp4,truth,989.3095,0.033297822,-359.92578125,162.58290100097656,-3.9077322483062744,41.43254852294922,4.465793132781982,19.573978424072266,4.686778545379639,3.504011869430542,16.99947738647461,-12.238245964050293,7.579087257385254,4.439305305480957,4.862925052642822
/content/drive/MyDrive/Capstone/dataset/Truthful/trial_truth_029.mp4,truth,689.24884,0.51024616,-205.90203857421875,176.7534637451172,16.477869033813477,34.50130081176758,33.02580261230469,18.088598251342773,16.44562339782715,5.246171474456787,5.652076721191406,7.88032865524292,2.563946008682251,4.17405366897583,-0.6438755393028259
/content/drive/MyDrive/Capstone/dataset/Truthful/trial_truth_030.mp4,truth,1521.453,0.019648522,-378.1106872558594,160.25814819335938,-45.82003402709961,67.48391723632812,-0.7783677577972412,13.575813293457031,3.758878469467163,-1.107309103012085,9.872371673583984,-19.59043312072754,13.51460075378418,-10.941485404968262,-2.7065587043762207
/content/drive/MyDrive/Capstone/dataset/Truthful/trial_truth_031.mp4,truth,769.9298,0.53644764,-207.1539764404297,182.96316528320312,14.144888877868652,30.094173431396484,31.64700698852539,15.353909492492676,16.63172149658203,4.207671165466309,3.5185952186584473,5.684671878814697,2.5516366958618164,3.662781238555908,-2.3203773498535156
/content/drive/MyDrive/Capstone/dataset/Truthful/trial_truth_032.mp4,truth,766.7856,0.44662154,-202.38551330566406,176.9324951171875,15.297274589538574,35.00193786621094,31.23336410522461,17.68739891052246,20.088882446289062,10.124646186828613,8.616470336914062,5.636227130889893,0.5415752530097961,7.287459373474121,3.8972558975219727
/content/drive/MyDrive/Capstone/dataset/Truthful/trial_truth_033.mp4,truth,494.6287,0.5239166,-216.4718475341797,176.33612060546875,29.107433319091797,39.938621520996094,31.35039520263672,19.158061981201172,20.33852195739746,6.009666919708252,5.318148612976074,8.148971557617188,0.8440994620323181,4.944863796234131,3.0448496341705322
/content/drive/MyDrive/Capstone/dataset/Truthful/trial_truth_034.mp4,truth,447.23468,0.5470744,-214.4063720703125,173.37489318847656,26.1379451751709,41.183135986328125,31.92395782470703,17.19283676147461,18.16974639892578,5.149824142456055,6.335824012756348,9.906693458557129,0.8653696775436401,3.8331899642944336,1.9959659576416016
/content/drive/MyDrive/Capstone/dataset/Truthful/trial_truth_035.mp4,truth,883.9243,0.012151737,-506.11865234375,154.89328002929688,33.898475646972656,14.716001510620117,26.86098861694336,11.810931205749512,6.040342330932617,6.781210899353027,-1.6075851917266846,-1.4429947137832642,1.2312510013580322,-3.2576918601989746,-1.127548336982727
/content/drive/MyDrive/Capstone/dataset/Truthful/trial_truth_036.mp4,truth,756.7584,0.011231249,-528.9376220703125,161.6201171875,33.405677795410156,18.737600326538086,33.19969940185547,14.558778762817383,8.347085952758789,8.362990379333496,-3.0015223026275635,-0.8397545218467712,4.3414530754089355,-3.924501657485962,-4.614071846008301
/content/drive/MyDrive/Capstone/dataset/Truthful/trial_truth_037.mp4,truth,1413.0652,0.06038231,-327.06195068359375,131.51754760742188,-11.393803596496582,39.68938064575195,-5.795578956604004,18.132783889770508,-1.845511794090271,-12.23079776763916,9.969980239868164,-9.82476806640625,2.3199870586395264,-9.71044921875,-4.9463372230529785
/content/drive/MyDrive/Capstone/dataset/Truthful/trial_truth_038.mp4,truth,839.361,0.016482942,-522.1531372070312,129.9841766357422,37.33072280883789,25.898012161254883,32.16832733154297,13.573948860168457,9.59406852722168,15.058349609375,7.449697017669678,2.1390247344970703,1.386309266090393,-0.13027729094028473,5.449891567230225
/content/drive/MyDrive/Capstone/dataset/Truthful/trial_truth_039.mp4,truth,654.00336,0.07841056,-296.8099060058594,166.8491973876953,5.875748634338379,36.49057388305664,14.14718246459961,16.65880584716797,-1.5983986854553223,0.7974529266357422,3.4570136070251465,-4.755790710449219,0.4016793370246887,-5.026149272918701,0.32256102561950684
/content/drive/MyDrive/Capstone/dataset/Truthful/trial_truth_040.mp4,truth,467.28952,0.015884597,-455.4290466308594,144.2724151611328,42.432369232177734,30.611942291259766,14.561990737915039,3.872610330581665,-0.16867689788341522,-7.245829105377197,-9.230578422546387,-10.91960620880127,-7.058876037597656,-9.004088401794434,-8.992173194885254
/content/drive/MyDrive/Capstone/dataset/Truthful/trial_truth_041.mp4,truth,900.8265,0.017586332,-427.4335632324219,155.71755981445312,3.6936683654785156,35.767459869384766,0.07803847640752792,12.762260437011719,8.95866584777832,-3.3301074504852295,4.750351905822754,-13.045050621032715,-2.651834011077881,-6.122521877288818,-6.107497215270996
/content/drive/MyDrive/Capstone/dataset/Truthful/trial_truth_042.mp4,truth,1457.0969,0.015997015,-412.3819580078125,147.19512939453125,-36.70021438598633,61.54529571533203,10.18193531036377,9.120213508605957,1.1030298471450806,-0.08575893193483353,4.684128284454346,-22.875499725341797,10.852872848510742,-7.703413963317871,-10.739891052246094
/content/drive/MyDrive/Capstone/dataset/Truthful/trial_truth_043.mp4,truth,1228.807,0.017146619,-409.5974426269531,142.33677673339844,-12.783134460449219,54.228450775146484,-4.6460652351379395,18.319496154785156,0.22402828931808472,-2.5651018619537354,7.789294719696045,-27.469091415405273,-0.5891199111938477,-7.348845481872559,-4.476790904998779
/content/drive/MyDrive/Capstone/dataset/Truthful/trial_truth_044.mp4,truth,1772.0787,0.022584138,-419.2601013183594,136.5807647705078,-30.081836700439453,41.63719940185547,14.606372833251953,6.466193199157715,0.7616416811943054,6.004054069519043,8.614171028137207,-12.857831954956055,10.88227367401123,2.066291332244873,1.4449591636657715
/content/drive/MyDrive/Capstone/dataset/Truthful/trial_truth_045.mp4,truth,1842.669,0.0198508,-422.74249267578125,137.5153350830078,-39.73403549194336,52.80377960205078,11.989788055419922,4.728062152862549,-3.6055636405944824,1.2018804550170898,7.107089996337891,-18.10536766052246,10.6015625,-3.2720401287078857,-6.088478088378906
/content/drive/MyDrive/Capstone/dataset/Truthful/trial_truth_046.mp4,truth,1888.9158,0.021726256,-398.2521667480469,139.49827575683594,-47.141605377197266,60.154991149902344,11.601125717163086,9.367403984069824,0.7073734402656555,1.6754343509674072,10.961572647094727,-17.588668823242188,9.765214920043945,-5.57839822769165,-3.8668015003204346
/content/drive/MyDrive/Capstone/dataset/Truthful/trial_truth_047.mp4,truth,1882.7384,0.01553632,-409.16339111328125,157.0426483154297,-55.49760437011719,54.150142669677734,15.840982437133789,15.252882957458496,-5.7678632736206055,-4.758952617645264,7.63671875,-23.585920333862305,7.86785888671875,-5.513832092285156,-6.697383403778076
/content/drive/MyDrive/Capstone/dataset/Truthful/trial_truth_048.mp4,truth,1565.3641,0.011266951,-469.94207763671875,142.74171447753906,-18.102197647094727,44.93463897705078,12.634963035583496,4.27858304977417,-4.257133483886719,2.3711936473846436,5.677928924560547,-17.19747543334961,8.600335121154785,-3.7270612716674805,-4.511139869689941
/content/drive/MyDrive/Capstone/dataset/Truthful/trial_truth_049.mp4,truth,1417.3235,0.013891477,-447.92047119140625,161.09580993652344,-27.5273380279541,51.68274688720703,43.288063049316406,3.985337257385254,-5.047278881072998,9.154159545898438,4.204816818237305,-17.194597244262695,5.451640605926514,-5.546383857727051,-11.752005577087402
/content/drive/MyDrive/Capstone/dataset/Truthful/trial_truth_050.mp4,truth,1516.0984,0.050982274,-302.9544677734375,146.1770477294922,-29.282066345214844,48.01145935058594,-2.2159996032714844,9.105188369750977,6.137745380401611,-0.7716914415359497,5.767979145050049,-21.57826042175293,-2.3698387145996094,-10.359532356262207,-7.2599921226501465
/content/drive/MyDrive/Capstone/dataset/Truthful/trial_truth_051.mp4,truth,997.4047,0.055385925,-333.0185546875,170.6992645263672,7.985038757324219,14.872307777404785,-3.1853930950164795,16.302371978759766,-13.786216735839844,-1.7379473447799683,3.225208044052124,-0.151498481631279,3.2166433334350586,2.8105928897857666,4.884158134460449
/content/drive/MyDrive/Capstone/dataset/Truthful/trial_truth_052.mp4,truth,987.99084,0.055151366,-309.736083984375,141.49795532226562,-9.515579223632812,38.012718200683594,-1.1231106519699097,10.229574203491211,5.528929233551025,1.9297094345092773,14.895225524902344,2.879213809967041,16.159067153930664,1.974168062210083,6.473767280578613
/content/drive/MyDrive/Capstone/dataset/Truthful/trial_truth_053.mp4,truth,1188.5535,0.011398683,-483.8919372558594,139.90444946289062,-11.519591331481934,25.729652404785156,3.7405223846435547,2.3823623657226562,1.6414765119552612,-9.619898796081543,7.538176536560059,-8.759417533874512,-8.49533748626709,2.755747079849243,-5.3155598640441895
/content/drive/MyDrive/Capstone/dataset/Truthful/trial_truth_054.mp4,truth,1464.712,0.004689725,-519.2999877929688,135.14117431640625,-21.04677391052246,33.21727752685547,-6.210790157318115,15.608701705932617,-12.441183090209961,-3.137871742248535,-8.69002628326416,-5.545100688934326,-5.0633440017700195,-4.7759013175964355,-3.506723165512085
/content/drive/MyDrive/Capstone/dataset/Truthful/trial_truth_055.mp4,truth,1429.3928,0.0050036823,-519.4093017578125,128.6402130126953,-15.166810035705566,30.648284912109375,-3.9581711292266846,14.002963066101074,-9.737650871276855,-3.9669382572174072,-6.2197675704956055,-6.2364115715026855,-3.621741533279419,-4.911579132080078,-4.050942897796631
/content/drive/MyDrive/Capstone/dataset/Truthful/trial_truth_056.mp4,truth,1402.5579,0.005009067,-515.11572265625,129.214599609375,-11.534671783447266,26.773221969604492,2.5407514572143555,11.052757263183594,-7.165380001068115,-6.078808307647705,-5.689999103546143,-6.270838737487793,-2.4739131927490234,-4.276499271392822,-4.08685302734375
/content/drive/MyDrive/Capstone/dataset/Truthful/trial_truth_057.mp4,truth,1317.6576,0.027686208,-399.462890625,130.95675659179688,-3.482621908187866,41.93732833862305,-1.8477293252944946,6.262246131896973,-3.7815277576446533,-5.6789870262146,0.387919545173645,-8.809473991394043,5.347070217132568,-3.682812452316284,0.7271108031272888
/content/drive/MyDrive/Capstone/dataset/Truthful/trial_truth_058.mp4,truth,1301.3696,0.03207284,-366.3576965332031,109.3280029296875,12.986342430114746,35.389156341552734,-1.5277072191238403,8.547924041748047,-7.764726638793945,-7.973459243774414,1.1714503765106201,-10.723979949951172,5.13875150680542,-2.411309242248535,-1.6760774850845337
/content/drive/MyDrive/Capstone/dataset/Truthful/trial_truth_059.mp4,truth,1341.0205,0.026814587,-413.266357421875,121.03455352783203,-7.277908802032471,48.65137481689453,3.578599214553833,10.500371932983398,-6.040534496307373,-4.078338146209717,-1.9531725645065308,-12.762104988098145,4.702634334564209,-9.282241821289062,-1.5051007270812988
/content/drive/MyDrive/Capstone/dataset/Truthful/trial_truth_060.mp4,truth,1223.1885,0.012953892,-470.41082763671875,141.6678924560547,-16.70313835144043,31.922056198120117,-6.435377597808838,-0.4738444983959198,1.5384061336517334,-11.45176887512207,9.30501937866211,-10.409589767456055,-5.720039367675781,2.9092800617218018,-5.750741958618164
